"state","year","co2_emission","total_num_investments","total_amnt_assist","BDFDB","BDPRP","BFFDB","BFPRP","CLPRB","CLPRK","CLPRP","COPRK","EMFDB","ENPRP","GETCB","HYTCB","NCPRB","NGMPB","NGMPK","NGMPP","NUETB","PAPRB","PAPRP","REPRB","SOTCB","TEPRB","TETCB","WDEXB","WDPRB","WDTCB","WSTCB","WWPRB","WYTCB","employment_total","employment_wage_salary","employment_proprietors","employment_proprietors_farm","employment_proprietors_nonfarm","employment_farm","employment_nonfarm","employment_nonfarm_private","employment_forestry_fishing_related","employment_mining_quarrying_oil_gas","employment_utilities","employment_contrsuction","employment_manufacturing","employment_wholesale_trade","employment_retail_trade","employment_transportation_warehousing","employment_information","employment_finance_insurance","employment_real_estate_rental_leasing","employment_professional_scientific_technical","employment_management_companies","employment_administrative_support_waste_remediation","employment_educational","employment_healh_care","employment_arts_entertainment_recreation","employment_accommodation_food","employment_other_services","employment_government_gov_enterprises","employment_federal_civilian","employment_military","employment_state_local","employment_state","employment_local","gdp_all_industry_total","gdp_private_industries","gdp_agriculture_forestry_fishing_hunting","gdp_farms","gdp_forestry_fishing_related","gdp_mining_quarrying_oil_gas","gdp_oil_gas","gdp_mining","gdp_support_activities_mining","gdp_utlilities","gdp_construction","gdp_manufacturing","gdp_durable_goods_manufacturing","gdp_wood_product_manufacturing","gdp_nonmetallic_mineral_product_manufacturing","gdp_primary_metal_manufacturing","gdp_fabricated_metal_product_manufacturing","gdp_machinery_manufacturing","gdp_computer_electronic_manufacturing","gdp_electrical_equipment_appliance_manufacturing","gdp_vehicles_trailers_parts_manufacturing","gdp_other_transportation_equipment_manufacturing","gdp_furniture_manufacturing","gdp_miscellaneous_manufacturing","gdp_nondurable_goods_manufacturing","gdp_food_beverage_tabacco_manufacturing","gdp_textile","gdp_apparel_manufacturing","gdp_paper_manufacturing","gdp_printing","gdp_petroleum_coal_manufacturing","gdp_chemical_manufacturing","gdp_plastics_rubber_manufacturing","gdp_wholesale_trade","gdp_retail_trade","gdp_transportation_warehousing","gdp_air_transportation","gdp_rail_transportation","gdp_water_trasnportation","gdp_truck_transportation","gdp_ground_passenger_transportation","gdp_pipeline_transportation","gdp_other_transportation","gdp_warehousing","gdp_information","gdp_publishing_industries","gdp_motion_pictures","gdp_broadcasting","gdp_data_processing_hosting","gdp_finance_insurance_real_estate","gdp_finance_insurance","gdp_monetary_authorities","gdp_securities_contracts","gdp_insurance_carriers","gdp_funds_trusts","gdp_real_estate_rental_leasing","gdp_real_estate","gdp_rental_leasing","gdp_professional_business","gdp_professional_scientific_technical","gdp_legal","gdp_computer_systems_design","gdp_misc_professional_scientific","gdp_management_companies_enterprises","gdp_administrative_support_waste","gdp_administrative_support","gdp_waste_remediation","gdp_educational_health_social","gdp_educational","gdp_health_care_social","gdp_ambulatory_health","gdp_hospitals","gdp_nursing","gdp_social_assistance","gdp_arts_entertainment_recreation_accommodation_food","gdp_arts_entertainment_recreation","gdp_performing_arts_spectator_sports_museums","gdp_amusement_gambling","gdp_accommodation_food","gdp_accommodation","gdp_food_services","gdp_other_services","gdp_government_gov_enterprises","gdp_federal_civilian","gdp_military","gdp_state_local","gdp_natural_resources_mining","gdp_trade","gdp_transportation_utlities","gdp_manufacturing_information","gdp_goods_producing_industries","gdp_services_providing_industries","region","party_governer","party_prop_representative","party_prop_senator","median_household_income","population","number_photovoltaic_shipments"
"Alaska",2020,35.9675267093938,37,9567164,0,0,0,0,15523,15.206,1021,5.691,0,0,186,15475,16851,376283,1.112,338329,0,932482,163852,24682,62,1348969,640132,0,7423,7423,407,7831,1128,430824,331865,98959,918,98041,1412,429412,328522,NA,13697,2467,23285,NA,7072,41886,24037,5956,11771,17033,22381,3435,16105,4922,52252,8852,28850,19689,100890,15438,26561,58891,22625,36266,50246.7,38761.7,359,NA,NA,4836.9,NA,NA,NA,903.9,2116.8,1757.4,244.1,NA,NA,NA,NA,NA,NA,NA,NA,NA,NA,NA,1513.2,NA,NA,NA,NA,NA,NA,NA,NA,1458.1,2418.8,6775.3,NA,NA,NA,NA,NA,NA,NA,NA,1065.8,NA,NA,NA,NA,7017,1470.6,NA,NA,NA,NA,5546.4,NA,NA,3307,1874.3,NA,NA,NA,355,1077.7,NA,NA,4430.1,187,4243.1,NA,NA,NA,NA,1449.1,219.9,NA,NA,1229.2,NA,NA,866.6,11485,2332.9,2375.8,6776.2,5195.9,3876.9,7679.1,2823.1,9070.1,29691.6,"West",1,1,1,78236,731158,NA
"Alabama",2020,98.3085848750695,47,1174323,1558,287,1558,287,313282,25.782,12151,5.691,0,0,141,117112,120692,124831,1.067,117028,454756,24528,4310,288515,3439,1205912,1838656,5592,164778,159187,1487,166266,0,2671253,2044151,627102,34755,592347,41181,2630072,2223316,15982,8739,13509,157497,269248,80840,279556,98407,25564,120357,118461,158952,19567,180248,37462,251816,37611,179356,170144,406756,55961,28575,322220,111438,210782,224870.6,186127,1929.4,NA,NA,1594.9,NA,NA,NA,6223.4,8877,38015.7,23737.5,NA,NA,NA,NA,NA,NA,NA,NA,NA,NA,NA,14278.2,NA,NA,NA,NA,NA,NA,NA,NA,13066,15636.7,5616.5,NA,NA,NA,NA,NA,NA,NA,NA,4533.6,NA,NA,NA,NA,38498.3,13610.5,NA,NA,NA,NA,24887.8,NA,NA,23465.6,15054.1,NA,NA,NA,2118.9,6292.5,NA,NA,17719,1307.4,16411.5,NA,NA,NA,NA,5657.8,610.9,NA,NA,5046.9,NA,NA,5293,38743.6,9491.9,5223.7,24027.9,3524.4,28702.8,11840,42549.3,50417.1,135709.9,"South",1,0.857142857142857,0.5,57243,4921532,NA
"Arkansas",2020,54.7427460739555,174,61208016,8437,1553,8437,1553,0,0,0,5.691,0,0,808,39747,43767,489956,1.019,480982,157288,23578,4143,111538,3212,782360,1034661,0,55743,55743,3591,59334,0,1640442,1260663,379779,38163,341616,55092,1585350,1363263,14464,9304,8260,97511,160488,50670,167575,76591,15116,67852,66121,68790,35840,91367,21805,192866,21004,106983,90656,222087,21272,14965,185850,78668,107182,129073.9,112336.8,1940.7,NA,NA,732.5,NA,NA,NA,3814.6,5381.3,18699.8,9041.2,NA,NA,NA,NA,NA,NA,NA,NA,NA,NA,NA,9658.6,NA,NA,NA,NA,NA,NA,NA,NA,10137,9526.7,4766.8,NA,NA,NA,NA,NA,NA,NA,NA,2338.3,NA,NA,NA,NA,21694.5,6966.3,NA,NA,NA,NA,14728.3,NA,NA,14306.6,4924.3,NA,NA,NA,5644.2,3738,NA,NA,12176.2,835.6,11340.6,NA,NA,NA,NA,3939.7,628.4,NA,NA,3311.3,NA,NA,2882.1,16737.1,2723.8,922.3,13091,2673.3,19663.7,8581.4,21038.1,26754.3,85582.5,"South",1,1,1,53148,3030522,172058
"Arizona",2020,80.1367075383411,24,23756565,0,0,0,0,0,0,0,5.691,0,0,345,56354,142484,68,1.028,66,329471,28,5,152046,80134,481613,1508154,0,9297,9297,265,9562,5651,3920036,2967819,952217,17845,934372,30310,3889726,3437543,14624,18519,12743,244946,191561,111657,392965,203827,57227,279780,228281,260112,42258,308238,80763,451053,75527,266680,196782,452183,58974,35715,357494,95516,261978,372461,325607.8,2881.7,NA,NA,3930.3,NA,NA,NA,7166.8,19472.8,31112.1,25785.9,NA,NA,NA,NA,NA,NA,NA,NA,NA,NA,NA,5326.2,NA,NA,NA,NA,NA,NA,NA,NA,20542.3,27683.3,10838,NA,NA,NA,NA,NA,NA,NA,NA,13633.6,NA,NA,NA,NA,88560.5,28420.8,NA,NA,NA,NA,60139.7,NA,NA,42498.1,21172.4,NA,NA,NA,4649.4,16676.3,NA,NA,35826.4,4093,31733.3,NA,NA,NA,NA,14498.5,2660.4,NA,NA,11838.1,NA,NA,6963.4,46853.1,8555.1,4419.8,33878.2,6812,48225.6,18004.8,44745.7,57397,268210.9,"West",1,0.444444444444444,0.333333333333333,70220,7421401,723479
"California",2020,303.406714159634,442,58722209,4868,896,20264,3606,0,0,0,5.691,15395,2710,101857,187545,845282,192081,1.126,170579,169773,814462,143114,1013850,436716,2190166,6922764,0,108611,108611,39694,148305,119164,23155486,17296866,5858620,57337,5801283,231488,22923998,20189055,245782,35524,63653,1210640,1361111,728692,1942803,1270086,612122,1158026,1217024,2048058,277688,1454546,521300,2752113,528023,1436377,1325487,2734943,260501,197728,2276714,558330,1718384,3091871.5,2745856.3,40206,NA,NA,5145.1,NA,NA,NA,41798.4,119640.3,316277.2,197320.4,NA,NA,NA,NA,NA,NA,NA,NA,NA,NA,NA,118956.9,NA,NA,NA,NA,NA,NA,NA,NA,161062.9,158210.5,76104.5,NA,NA,NA,NA,NA,NA,NA,NA,312657.4,NA,NA,NA,NA,717262.7,162603.2,NA,NA,NA,NA,554659.5,NA,NA,419337.6,282833,NA,NA,NA,46193.7,90310.9,NA,NA,222931.2,32036.1,190895.2,NA,NA,NA,NA,102953.8,27727.4,NA,NA,75226.4,NA,NA,52268.7,346015.3,48989.7,30227.3,266798.2,45351.1,319273.4,117902.9,628934.6,481268.6,2264587.6,"West",0,0.148148148148148,0,81278,39368078,4061504
"Colorado",2020,79.8935675110129,46,6304206,0,0,18248,3212,210494,20.977,10035,5.691,18248,3212,759,14638,152466,2423537,1.218,1990462,0,955132,167832,186132,19632,3775295,1451112,0,14333,14333,1084,15418,117437,3821923,2787065,1034858,35311,999547,49011,3772912,3265213,13962,41199,9126,269501,163308,118125,329205,169534,88613,240832,231196,365968,50509,204979,74910,352162,92945,251941,197198,507699,54740,56277,396682,130454,266228,390098.7,342190.2,2231.4,NA,NA,8360.5,NA,NA,NA,4419.1,23593.9,26614.5,17079.3,NA,NA,NA,NA,NA,NA,NA,NA,NA,NA,NA,9535.2,NA,NA,NA,NA,NA,NA,NA,NA,21646.2,21467.1,12814.2,NA,NA,NA,NA,NA,NA,NA,NA,25661,NA,NA,NA,NA,84050.5,23235.7,NA,NA,NA,NA,60814.8,NA,NA,59940.2,39130.1,NA,NA,NA,8743,12067,NA,NA,27199.8,3406.2,23793.6,NA,NA,NA,NA,15890.1,4264.8,NA,NA,11625.4,NA,NA,8301.7,47908.5,9846,5512,32550.6,10591.9,43113.3,17233.4,52275.5,60800.3,281389.9,"West",0,0.428571428571429,0.5,87689,5807719,152152
"Connecticut",2020,33.7683325648322,13,491729,2627,484,2627,484,0,0,0,0,0,0,21,2860,12285,0,0,0,164095,0,0,37394,9298,201489,667011,0,13126,13126,9356,22482,107,2217497,1628363,589134,5018,584116,9400,2208097,1970346,NA,NA,5753,113838,162612,63118,198700,90303,36485,200369,124633,159097,36793,114589,87678,304578,46267,112240,109013,237751,19233,11989,206529,72929,133600,280900.3,253129.4,377.5,NA,NA,135.4,NA,NA,NA,4809.4,8381.4,29145.1,21075,NA,NA,NA,NA,NA,NA,NA,NA,NA,NA,NA,8070.2,NA,NA,NA,NA,NA,NA,NA,NA,14062.6,14454.6,4835.7,NA,NA,NA,NA,NA,NA,NA,NA,17257.5,NA,NA,NA,NA,85659.4,42078.9,NA,NA,NA,NA,43580.5,NA,NA,33166.2,19045.9,NA,NA,NA,6637.5,7482.8,NA,NA,28778.5,6557.2,22221.2,NA,NA,NA,NA,7059.8,1605.3,NA,NA,5454.5,NA,NA,5006.4,27770.9,3307.8,3351.8,21111.3,512.9,28517.2,9645.1,46402.6,38039.5,215089.9,"Northeast",0,0,0,83141,3557006,119252
"Delaware",2020,12.4713014007627,29,23750266,0,0,0,0,0,0,0,0,0,0,430,0,2118,0,0,0,0,0,0,3571,1642,3571,277144,0,644,644,810,1454,45,592045,451844,140201,1883,138318,3081,588964,514502,1148,278,2171,33503,27161,12510,58072,29481,5464,65926,31392,37937,11283,35439,8721,77329,12853,37221,26613,74462,6046,8967,59449,32243,27206,75512.5,67622.7,NA,NA,NA,NA,NA,NA,NA,1098.3,3114.6,4483.2,1397.2,NA,NA,NA,NA,NA,NA,NA,NA,NA,NA,NA,3086,NA,NA,NA,NA,NA,NA,NA,NA,1937.8,2993.1,1067.3,NA,NA,NA,NA,NA,NA,NA,NA,1007.6,NA,NA,NA,NA,34393.7,21933.8,NA,NA,NA,NA,12459.9,NA,NA,8428.2,4700.8,NA,NA,NA,1809.4,1918,NA,NA,6021.3,426.3,5595,NA,NA,NA,NA,1686.8,312.9,NA,NA,1373.9,NA,NA,974.7,7889.7,873.6,639.9,6376.2,416.2,4930.9,2165.6,5490.8,8013.9,59608.8,"South",0,0,0,73292,986809,NA
"Florida",2020,207.636325496673,25,8467648,167,31,167,31,0,0,0,5.691,0,0,10056,2033,106617,1037,1.486,698,307197,8468,1488,258173,94529,574876,4003133,11932,92788,80856,58601,151389,0,12720098,8902524,3817574,38760,3778814,80821,12639277,11438463,61222,15923,26375,839560,426078,397959,1290220,669663,175093,860997,858957,959501,156031,999823,233934,1390000,322207,916096,838824,1200814,150008,101380,949426,252895,696531,1095888.2,976080.7,6408,NA,NA,971.6,NA,NA,NA,19556.5,62080.9,58907.9,37116.7,NA,NA,NA,NA,NA,NA,NA,NA,NA,NA,NA,21791.2,NA,NA,NA,NA,NA,NA,NA,NA,75564,81635,34986.6,NA,NA,NA,NA,NA,NA,NA,NA,42782.6,NA,NA,NA,NA,265904.7,72394.9,NA,NA,NA,NA,193509.9,NA,NA,143483.7,82261.7,NA,NA,NA,18044.6,43177.4,NA,NA,102693.4,10771.4,91922,NA,NA,NA,NA,54281.1,14150.2,NA,NA,40131,NA,NA,26824.5,119807.6,20573.2,11510.5,87723.9,7379.7,157199,54543.1,101690.5,128368.5,847712.2,"South",1,0.518518518518518,1,60460,21733312,659102
"Georgia",2020,116.591838807218,151,7307409,1327,244,7968,1413,0,0,0,0,6641,1169,315,40905,77605,0,0,0,342766,0,0,313196,36385,655962,2727565,19380,220958,201578,6665,227623,0,6326942,4604892,1722050,34880,1687170,56389,6270553,5492867,25619,8642,21092,370467,411486,228948,609381,364251,132460,329294,301723,445912,98182,504615,123382,584064,114154,424938,394257,777686,107617,96112,573957,171456,402501,619240,547156.6,3086.3,NA,NA,939.6,NA,NA,NA,11639.4,27747.3,59480.1,29150.1,NA,NA,NA,NA,NA,NA,NA,NA,NA,NA,NA,30330,NA,NA,NA,NA,NA,NA,NA,NA,45031.3,35314.8,22421.1,NA,NA,NA,NA,NA,NA,NA,NA,46215,NA,NA,NA,NA,140816.2,54159.8,NA,NA,NA,NA,86656.4,NA,NA,79262.5,42365.9,NA,NA,NA,15024.1,21872.5,NA,NA,46704.4,6902.9,39801.6,NA,NA,NA,NA,17583.6,3009.6,NA,NA,14574,NA,NA,10914.9,72083.4,15884.1,8483.9,47715.4,4026,80346.1,34060.5,105695.1,91253.4,455903.2,"South",1,0.6,1,62033,10710017,NA
"Hawaii",2020,14.9238082658949,19,1153848,472,87,472,87,0,0,0,0,0,0,92,867,23057,0,0,0,0,0,0,27957,16902,27957,232516,0,94,94,4334,4427,5196,817748,626383,191365,5936,185429,10425,807323,635745,3822,628,4107,48648,15803,19836,80652,35726,8982,31636,42273,45197,9058,48431,18154,83233,18102,75795,45662,171578,35125,50798,85655,66547,19108,89856.2,70631.6,409.6,NA,NA,58.4,NA,NA,NA,1984.3,5579.4,1448,409.1,NA,NA,NA,NA,NA,NA,NA,NA,NA,NA,NA,1038.9,NA,NA,NA,NA,NA,NA,NA,NA,2635.2,6301.2,4388.8,NA,NA,NA,NA,NA,NA,NA,NA,1861.2,NA,NA,NA,NA,22106,3565.5,NA,NA,NA,NA,18540.5,NA,NA,7497.1,3797.4,NA,NA,NA,1089.2,2610.5,NA,NA,7423.6,903.6,6520,NA,NA,NA,NA,6932.9,728.7,NA,NA,6204.2,NA,NA,2006.1,19224.6,4950.8,5762.8,8511,468,8936.4,6373.1,3309.1,7495.3,63136.2,"West",0,0,0,84600,1407006,35698
"Iowa",2020,65.6508541140417,156,63476066,45404,8357,568865,100494,0,0,0,0,523461,92137,1281,8994,312229,0,0,0,30333,0,0,900015,2072,930347,1526087,0,7059,7059,11861,18920,299881,2010409,1566087,444322,69189,375133,88223,1922186,1658052,16306,3407,6487,118621,223268,69876,208996,87016,23408,138210,77900,81330,23174,82552,41395,211403,31527,112325,100851,264134,18153,11528,234453,67612,166841,192710.2,169959.4,9386.9,NA,NA,308.9,NA,NA,NA,3534.6,8005.5,33646.1,17749.5,NA,NA,NA,NA,NA,NA,NA,NA,NA,NA,NA,15896.7,NA,NA,NA,NA,NA,NA,NA,NA,11131.5,10395.7,5415.5,NA,NA,NA,NA,NA,NA,NA,NA,4722.4,NA,NA,NA,NA,48184.9,28025.1,NA,NA,NA,NA,20159.8,NA,NA,12863.5,6562.5,NA,NA,NA,2512.2,3788.7,NA,NA,14156,1765.1,12390.9,NA,NA,NA,NA,4467.2,893.6,NA,NA,3573.6,NA,NA,3740.8,22750.8,2467.9,1000.5,19282.3,9695.8,21527.2,8950.1,38368.5,51347.4,118612,"North Central",1,0.25,1,72030,3163561,44607
"Idaho",2020,19.359117881924,34,733911,0,0,2071,365,0,0,0,5.691,2071,365,2297,83415,115768,112,1.04,108,0,6,1,151616,5750,151734,550098,0,32280,32280,1498,33778,24306,1078122,791873,286249,22530,263719,40813,1037309,903493,13291,4380,3228,82330,74577,34270,113136,39464,10442,47741,59708,68270,9546,63198,22261,113879,22157,70575,51040,133816,13719,9319,110778,30813,79965,84032.2,73130,3816.1,NA,NA,150.9,NA,NA,NA,1491,5954.8,9254.6,6050.3,NA,NA,NA,NA,NA,NA,NA,NA,NA,NA,NA,3204.3,NA,NA,NA,NA,NA,NA,NA,NA,5431.4,6625.4,2109.2,NA,NA,NA,NA,NA,NA,NA,NA,1557.7,NA,NA,NA,NA,15924.5,4054.7,NA,NA,NA,NA,11869.8,NA,NA,8915.9,4764.5,NA,NA,NA,999.5,3151.8,NA,NA,7566.3,682.4,6883.9,NA,NA,NA,NA,2797.6,486.8,NA,NA,2310.9,NA,NA,1534.6,10902.2,2196.2,642.1,8064,3967,12056.9,3600.2,10812.4,19176.4,53953.6,"West",1,1,1,69841,1826913,3474
"Illinois",2020,169.863705593308,107,3526853,20372,3750,212442,37557,689464,21.702,31769,5.691,192069,33807,2042,1184,151290,1951,1.058,1843,1046769,40782,7166,381252,5714,2160217,3612925,0,8010,8010,9510,17520,142350,7519502,5849130,1670372,58497,1611875,73908,7445594,6610032,12674,16243,24806,331794,575259,301515,681843,478181,105565,528004,323486,575701,95622,502433,197713,861012,136429,434912,426840,835562,82030,47415,706117,147649,558468,863516.7,778258.6,7926.8,NA,NA,1089.8,NA,NA,NA,14320.4,29722.8,102641.5,49310.3,NA,NA,NA,NA,NA,NA,NA,NA,NA,NA,NA,53331.1,NA,NA,NA,NA,NA,NA,NA,NA,64737.5,46381.3,30501.9,NA,NA,NA,NA,NA,NA,NA,NA,31211.4,NA,NA,NA,NA,210929.5,97183.7,NA,NA,NA,NA,113745.9,NA,NA,118655.3,73379.9,NA,NA,NA,15610.6,29664.9,NA,NA,74787.7,12813.3,61974.5,NA,NA,NA,NA,26361.8,6206.8,NA,NA,20154.9,NA,NA,18991,85258.1,13504.2,4099.4,67654.5,9016.6,111118.8,44822.3,133852.9,141380.8,636877.8,"North Central",0,0.277777777777778,0,77805,12587530,206487
"Indiana",2020,154.34803507235,49,8555854,12942,2382,144450,25530,450768,22.603,19942,5.691,131509,23148,4647,2375,66949,4419,1.053,4197,0,7979,1402,246985,4767,710151,2564421,0,18762,18762,16823,35585,55161,3843507,3084225,759282,48559,710723,60773,3782734,3345591,NA,NA,14351,217325,519497,127810,374960,212684,34389,162865,154271,188810,38346,221101,80390,448197,63964,248724,218389,437143,41319,19192,376632,118996,257636,372636.7,335665.3,4688.5,NA,NA,827.4,NA,NA,NA,7076.2,15707.5,97306.8,56357.2,NA,NA,NA,NA,NA,NA,NA,NA,NA,NA,NA,40949.7,NA,NA,NA,NA,NA,NA,NA,NA,20344.1,21384.9,11609.7,NA,NA,NA,NA,NA,NA,NA,NA,6208.2,NA,NA,NA,NA,62967.6,24103.1,NA,NA,NA,NA,38864.5,NA,NA,32448.4,16823,NA,NA,NA,4706.6,10918.8,NA,NA,35283.1,3801.6,31481.5,NA,NA,NA,NA,11845.9,3129.2,NA,NA,8716.7,NA,NA,7967,36971.3,5689,1331.7,29950.7,5515.9,41729,18685.9,103515,118530.2,217135.1,"North Central",1,0.777777777777778,1,69925,6754953,161516
"Kansas",2020,57.7771544924515,39,2802130,7600,1399,79874,14120,0,0,0,5.691,72273,12721,974,284,212447,188961,1.157,163356,110502,160828,28260,299301,955,759592,1069542,0,4072,4072,2909,6980,210234,1879086,1444520,434566,50008,384558,63989,1815097,1522178,11132,29241,6567,96951,165577,61023,173236,84647,20967,107133,74857,108297,25953,95846,26674,204907,28287,107939,92944,292919,26200,32827,233892,59513,174379,173298.3,151012.3,5005.4,NA,NA,592.4,NA,NA,NA,2947.5,6840.6,27499.5,14838.6,NA,NA,NA,NA,NA,NA,NA,NA,NA,NA,NA,12661,NA,NA,NA,NA,NA,NA,NA,NA,10882.7,10737.2,6038.7,NA,NA,NA,NA,NA,NA,NA,NA,7218.4,NA,NA,NA,NA,32642.4,9817.8,NA,NA,NA,NA,22824.6,NA,NA,18587,9562.3,NA,NA,NA,4033.2,4991.5,NA,NA,14186.7,1111.6,13075,NA,NA,NA,NA,4128,690.4,NA,NA,3437.6,NA,NA,3705.7,22286,3244,2964.6,16077.4,5597.8,21619.9,8986.3,34717.9,39938,111074.3,"North Central",0,0.75,1,76495,2913805,NA
"Kentucky",2020,101.885579440226,89,11046095,6840,1259,12110,2187,571089,23.582,24217,5.691,5270,928,2712,43913,47519,81708,1.151,71018,0,12890,2265,90327,894,756015,1595472,0,27590,27590,3108,30698,0,2472056,1931665,540391,67230,473161,82328,2389728,2047435,13423,12197,7045,133788,243780,78407,248519,150367,25733,111650,98015,117044,24915,147509,36913,273645,36988,159677,127820,342293,35506,46972,259815,94818,164997,210024.2,181369.2,2934.5,NA,NA,1144.5,NA,NA,NA,4022.1,9585.1,37461.3,21643.5,NA,NA,NA,NA,NA,NA,NA,NA,NA,NA,NA,15817.8,NA,NA,NA,NA,NA,NA,NA,NA,15390,12880.1,9026.1,NA,NA,NA,NA,NA,NA,NA,NA,4784,NA,NA,NA,NA,35387.7,12554.2,NA,NA,NA,NA,22833.5,NA,NA,17978.4,8780.3,NA,NA,NA,2794.9,6403.1,NA,NA,20010,1440.1,18569.9,NA,NA,NA,NA,6403.4,1050.5,NA,NA,5352.9,NA,NA,4362.1,28655,4915.2,4366.1,19373.6,4079,28270.1,13048.2,42245.3,51125.4,130243.8,"South",0,0.833333333333333,1,59405,4477251,NA
"Louisiana",2020,183.298456253483,35,5171076,0,0,0,0,9438,13.949,677,5.691,0,0,1842,10560,15097,3311767,1.033,3206163,176988,208905,36708,131183,2695,3838280,4200360,7216,102758,95542,13328,116086,0,2593066,1917840,675226,23512,651714,31588,2561478,2210209,18195,46097,9143,185957,141902,72283,264439,118011,24833,111610,121537,142618,27092,156594,56860,313451,45889,191123,162575,351269,32734,33005,285530,84376,201154,241990.8,212450.9,1750.7,NA,NA,6658,NA,NA,NA,5599.9,12425.9,47961.3,7659.1,NA,NA,NA,NA,NA,NA,NA,NA,NA,NA,NA,40302.2,NA,NA,NA,NA,NA,NA,NA,NA,13123.1,17186.3,8153.8,NA,NA,NA,NA,NA,NA,NA,NA,4814.3,NA,NA,NA,NA,39661.3,11930.3,NA,NA,NA,NA,27731,NA,NA,21459.2,11998.7,NA,NA,NA,2763.6,6696.9,NA,NA,19451.4,2599.7,16851.8,NA,NA,NA,NA,9064.4,1877,NA,NA,7187.5,NA,NA,5141.4,29539.8,4307,2615.7,22617.1,8408.7,30309.4,13753.7,52775.5,68795.9,143655.1,"South",0,0.833333333333333,1,53576,4645318,586
"Massachusetts",2020,52.2806053911977,54,21021782,96,18,96,18,0,0,0,0,0,0,859,7402,43346,0,0,0,0,0,0,73946,32995,73946,1278411,0,13952,13952,16553,30504,2090,4600345,3514209,1086136,6191,1079945,10237,4590108,4136619,9852,2337,13841,251936,243351,129917,397964,179211,102817,303352,217589,496852,74478,229933,245758,675559,99862,242905,219105,453489,47672,18711,387106,124079,263027,584039,527183.6,803.9,NA,NA,169.9,NA,NA,NA,8106.7,22232.2,53676.1,34289.6,NA,NA,NA,NA,NA,NA,NA,NA,NA,NA,NA,19386.5,NA,NA,NA,NA,NA,NA,NA,NA,27314,24218.9,9299.7,NA,NA,NA,NA,NA,NA,NA,NA,32792.2,NA,NA,NA,NA,142260.1,58059.9,NA,NA,NA,NA,84200.1,NA,NA,108401,79069.6,NA,NA,NA,13364.9,15966.5,NA,NA,69300.6,16942.5,52358.2,NA,NA,NA,NA,18322.5,3988.6,NA,NA,14333.9,NA,NA,10285.7,56855.4,9417.5,6843.3,40594.6,973.7,51533,17406.4,86468.3,76882.1,450301.5,"Northeast",1,0,0,91912,6893574,597771
"Maryland",2020,48.0908395529465,38,1459180,0,0,0,0,27404,23.744,1154,0,0,0,570,14886,33709,10,1.04,10,157471,0,0,47229,13467,232114,1212643,0,6292,6292,7227,13519,4787,3620521,2687534,932987,11036,921951,16486,3604035,3042342,6608,2963,10677,241852,119096,90864,320156,194910,45637,175181,188924,368739,31210,224333,104007,434177,73517,204950,204541,561693,178453,49116,334124,98440,235684,422726.4,334038.8,985.8,NA,NA,285.2,NA,NA,NA,7355.7,19428,25422.8,11422,NA,NA,NA,NA,NA,NA,NA,NA,NA,NA,NA,14000.8,NA,NA,NA,NA,NA,NA,NA,NA,18270.3,21336.6,7884.4,NA,NA,NA,NA,NA,NA,NA,NA,16257.2,NA,NA,NA,NA,97222.3,24816.6,NA,NA,NA,NA,72405.6,NA,NA,60027.4,42914.6,NA,NA,NA,4461.4,12651.4,NA,NA,37583.7,6636.4,30947.3,NA,NA,NA,NA,12817.9,2640.9,NA,NA,10177,NA,NA,9161.6,88687.6,45211.4,10599.1,32877.1,1271,39606.9,15240.1,41680,46121.8,287916.9,"South",1,0.111111111111111,0,99215,6055802,116573
"Maine",2020,13.5022626003292,49,1718854,48,9,48,9,0,0,0,0,0,0,72,27707,49968,0,0,0,0,0,0,132947,1176,132947,365101,0,80389,80389,2543,82932,21013,813207,612542,200665,6956,193709,10385,802822,698369,14106,810,1835,57523,54756,21217,93498,23518,8748,35778,37695,48440,13018,41233,21942,116052,18754,50236,39210,104453,16963,4858,82632,26112,56520,66196,57112.8,813.5,NA,NA,18.3,NA,NA,NA,1204.5,2619.6,6234.7,3237.5,NA,NA,NA,NA,NA,NA,NA,NA,NA,NA,NA,2997.1,NA,NA,NA,NA,NA,NA,NA,NA,3610.4,5503.5,1212.4,NA,NA,NA,NA,NA,NA,NA,NA,1195.5,NA,NA,NA,NA,14322.1,4386.8,NA,NA,NA,NA,9935.2,NA,NA,7281.9,3901.9,NA,NA,NA,1416.1,1963.9,NA,NA,8831.3,1063.1,7768.2,NA,NA,NA,NA,2891.8,463.6,NA,NA,2428.2,NA,NA,1373.3,9083.2,2361,624.6,6097.6,831.8,9113.9,2416.8,7430.1,9686.1,47426.7,"Northeast",0,0,0.5,66667,1350141,NA
"Michigan",2020,136.777358916717,59,3543100,1161,214,43096,7595,0,0,0,5.691,41935,7381,5193,15031,82542,69854,1.076,64911,316732,23885,4197,225022,3230,635494,2610581,0,80059,80059,19325,99384,59087,5388167,4121786,1266381,41113,1225268,61190,5326977,4737097,16962,11566,21073,277422,581256,177779,531590,229441,64501,275218,263721,408085,79078,330771,91843,653308,89325,323780,310378,589880,54171,18003,517706,176392,341314,515928.3,460693.8,2992.9,NA,NA,1397.4,NA,NA,NA,10251.9,22477.4,92229.8,70942.1,NA,NA,NA,NA,NA,NA,NA,NA,NA,NA,NA,21287.7,NA,NA,NA,NA,NA,NA,NA,NA,33791.6,32419.5,13397.9,NA,NA,NA,NA,NA,NA,NA,NA,13702.2,NA,NA,NA,NA,97206.5,30225.7,NA,NA,NA,NA,66980.8,NA,NA,67610.9,39808.2,NA,NA,NA,11700.2,16102.5,NA,NA,48439.8,3950.3,44489.5,NA,NA,NA,NA,13755.1,2451.9,NA,NA,11303.3,NA,NA,11020.7,55234.4,8421.7,1720.5,45092.2,4390.3,66211.2,23649.8,105932.1,119097.5,341596.3,"North Central",0,0.411764705882353,0,67399,9966555,209427
"Minnesota",2020,78.3821796150309,168,29357835,10721,1973,165730,29257,0,0,0,0,155009,27284,1075,8789,129433,0,0,0,153260,0,0,351983,15774,505243,1731499,0,48121,48121,8699,56820,103795,3608149,2841652,766497,58827,707670,77539,3530610,3118783,14236,8372,12743,184964,323562,134234,340193,156622,51426,229238,152459,232376,92042,155514,83380,504557,73799,188602,180464,411827,33326,19850,358651,96261,262390,374351.8,337834.5,5884.2,NA,NA,2737.3,NA,NA,NA,5764,16183.6,50754.1,32590.7,NA,NA,NA,NA,NA,NA,NA,NA,NA,NA,NA,18163.4,NA,NA,NA,NA,NA,NA,NA,NA,26608,21073.6,10694.4,NA,NA,NA,NA,NA,NA,NA,NA,12265.2,NA,NA,NA,NA,79549.9,35616.6,NA,NA,NA,NA,43933.3,NA,NA,48964.8,25670.5,NA,NA,NA,14099.7,9194.6,NA,NA,39720.6,3795.8,35924.9,NA,NA,NA,NA,10090.6,2627.6,NA,NA,7463,NA,NA,7544.1,36517.3,4676.8,1615.5,30225,8621.5,47681.6,16458.4,63019.4,75559.2,262275.2,"North Central",0,0.375,0,82431,5657342,77006
"Missouri",2020,108.702397759965,131,4677028,30077,5536,64724,11634,3432,21.62,159,5.691,34647,6098,352,16488,50264,1,1.023,1,80843,353,62,140007,4077,224636,1702136,0,20920,20920,4099,25019,29347,3693351,2858125,835226,86900,748326,96833,3596518,3135757,14378,7221,12259,203684,279613,129629,363760,160247,52267,210033,170296,227143,67399,192913,88436,450965,63736,241521,200257,460761,61388,36760,362613,101626,260987,321708.8,282710,3184.9,NA,NA,696.2,NA,NA,NA,5552,12995.9,37971.9,19769.1,NA,NA,NA,NA,NA,NA,NA,NA,NA,NA,NA,18202.8,NA,NA,NA,NA,NA,NA,NA,NA,21727.1,19910.7,9667.7,NA,NA,NA,NA,NA,NA,NA,NA,11627.9,NA,NA,NA,NA,63464.5,26903.1,NA,NA,NA,NA,36561.4,NA,NA,43423.7,23488.5,NA,NA,NA,9934.8,10000.4,NA,NA,34072.1,4190.9,29881.1,NA,NA,NA,NA,11033,2849.4,NA,NA,8183.6,NA,NA,7382.5,38998.8,8457.5,2814.4,27727,3881.1,41637.8,15219.7,49599.8,54848.9,227861.1,"North Central",1,0.75,1,65081,6151548,16857
"Mississippi",2020,63.1389997681584,116,2102663,3249,598,3249,598,26576,10.272,2587,5.691,0,0,958,0,4877,28956,1.029,28134,67569,80619,14166,64336,3919,268056,1037261,8927,54743,45817,1466,56210,0,1573592,1173932,399660,29638,370022,38004,1535588,1268110,14513,8672,8149,88037,145564,38194,168163,75751,13103,60039,56342,59130,13622,102724,22308,156663,18909,123537,94690,267478,26407,28662,212409,62829,149580,114200.6,93721,2061.5,NA,NA,512.7,NA,NA,NA,3654.5,4474.5,18264.8,10346.1,NA,NA,NA,NA,NA,NA,NA,NA,NA,NA,NA,7918.7,NA,NA,NA,NA,NA,NA,NA,NA,6061.8,9443.7,3957.4,NA,NA,NA,NA,NA,NA,NA,NA,2451.5,NA,NA,NA,NA,17912.3,5696.8,NA,NA,NA,NA,12215.5,NA,NA,8257.4,3711.8,NA,NA,NA,1472.4,3073.2,NA,NA,9652.4,832.3,8820.1,NA,NA,NA,NA,4403.9,420.1,NA,NA,3983.8,NA,NA,2612.7,20479.5,3815.7,2212.1,14451.8,2574.1,15505.5,7611.9,20716.3,25313.4,68407.6,"South",1,0.75,1,47242,2966786,NA
"Montana",2020,26.2256151746945,32,542585,0,0,0,0,469076,17.754,26422,5.691,0,0,337,94288,122051,42367,1.116,37963,0,108044,18985,137944,593,757430,429327,0,15399,15399,493,15893,26833,684333,486577,197756,22851,174905,29468,654865,559552,8164,9828,2971,52165,24820,19025,73481,22984,7851,29042,41800,41141,2718,26924,9088,78007,19897,54230,35416,95313,13682,7825,73806,26874,46932,51488.7,43895.1,2145.6,NA,NA,1516,NA,NA,NA,1208.3,3224.5,3124.1,1238.5,NA,NA,NA,NA,NA,NA,NA,NA,NA,NA,NA,1885.6,NA,NA,NA,NA,NA,NA,NA,NA,2790.9,3437.2,1975.5,NA,NA,NA,NA,NA,NA,NA,NA,1156.3,NA,NA,NA,NA,10407.9,2731.2,NA,NA,NA,NA,7676.7,NA,NA,4074.2,2689.9,NA,NA,NA,233.3,1150.9,NA,NA,5538.4,280,5258.4,NA,NA,NA,NA,2193.6,507.2,NA,NA,1686.4,NA,NA,1102.7,7593.7,1864.4,581.3,5148,3661.5,6228,3183.8,4280.4,10010.1,33885,"West",0,1,0.5,59390,1080577,2336
"North Carolina",2020,106.533771182477,85,176369306,159,29,159,29,0,0,0,0,0,0,967,69811,151586,0,0,0,441997,0,0,281143,76016,723140,2470897,25082,119589,94507,9808,129397,4792,6055314,4646007,1409307,38696,1370611,63847,5991467,5140971,25092,6314,15637,388800,475434,200113,602868,256378,89864,312943,295607,402627,90907,409383,134357,581000,115864,401330,336453,850496,77356,123425,649715,211992,437723,586136.2,507051,3603.8,NA,NA,434.7,NA,NA,NA,9004.4,23623,98755.4,43982.7,NA,NA,NA,NA,NA,NA,NA,NA,NA,NA,NA,54772.7,NA,NA,NA,NA,NA,NA,NA,NA,34703,31789.1,13216.6,NA,NA,NA,NA,NA,NA,NA,NA,20341.3,NA,NA,NA,NA,124551.5,55497.2,NA,NA,NA,NA,69054.3,NA,NA,72353.7,39058.9,NA,NA,NA,13901.8,19393.1,NA,NA,46071.9,7585.2,38486.7,NA,NA,NA,NA,17069,3295.6,NA,NA,13773.4,NA,NA,11533.5,79085.1,11748.4,12673.7,54663,4038.5,66492.1,22221,119096.7,126416.9,380634.1,"South",0,0.7857143,1,63252,10600823,611044
"North Dakota",2020,54.251280292474,18,686913,10767,1982,80535,14262,364262,13.778,26438,5.691,69767,12280,978,21497,142096,1211327,1.373,882443,0,2474953,434889,224409,12,4274952,625886,0,784,784,995,1779,119610,560682,431522,129160,22971,106189,30308,530374,442739,5047,19682,3458,34925,26921,24429,55131,25109,6558,28235,26364,23107,4372,17152,6240,69113,8608,32749,25539,87635,9497,12252,65886,23445,42441,54032.9,47324.1,3212.1,NA,NA,3886.3,NA,NA,NA,1468.9,3182.9,4045.8,2349.7,NA,NA,NA,NA,NA,NA,NA,NA,NA,NA,NA,1696.1,NA,NA,NA,NA,NA,NA,NA,NA,4493.6,3128.9,2423.6,NA,NA,NA,NA,NA,NA,NA,NA,1419.4,NA,NA,NA,NA,9636.1,2861.4,NA,NA,NA,NA,6774.7,NA,NA,3210,1860.2,NA,NA,NA,511.2,838.6,NA,NA,4922,209,4713,NA,NA,NA,NA,1317.8,165.8,NA,NA,1152,NA,NA,976.7,6708.8,798.8,964.2,4945.8,7098.3,7622.5,3892.5,5465.2,14327.1,32997,"North Central",1,1,1,67109,765309,NA
"Nebraska",2020,46.5092726305239,93,9134015,0,0,243518,42863,0,0,0,5.691,243518,42863,1212,12195,94055,375,1.067,351,64621,9527,1674,342292,679,416814,863654,0,2764,2764,1955,4719,79969,1305987,1013516,292471,37864,254607,52944,1253043,1080865,11288,2388,1260,81030,101325,42805,126971,68394,18752,88521,55429,66761,22353,64277,22934,143173,22013,74127,67064,172178,17452,12605,142121,34673,107448,128808.7,112654.6,6731,NA,NA,159.9,NA,NA,NA,2936.6,3787.1,13541,5826.6,NA,NA,NA,NA,NA,NA,NA,NA,NA,NA,NA,7714.4,NA,NA,NA,NA,NA,NA,NA,NA,8007.9,6886.4,8535.8,NA,NA,NA,NA,NA,NA,NA,NA,4015.4,NA,NA,NA,NA,29977.8,16589.7,NA,NA,NA,NA,13388.1,NA,NA,11863.8,5630.6,NA,NA,NA,2752.5,3480.8,NA,NA,10760.8,1025.3,9735.5,NA,NA,NA,NA,2949.7,511.2,NA,NA,2438.5,NA,NA,2501.3,16154.2,2203.2,1087.3,12863.7,6890.9,14894.3,11472.5,17556.4,24219,88435.6,"North Central",1,1,1,75622,1937552,NA
"New Hampshire",2020,12.4472056438363,33,996776,318,59,318,59,0,0,0,0,0,0,29,10776,16893,0,0,0,103012,0,0,45710,1484,148723,295548,0,24914,24914,3584,28499,4605,858502,654255,204247,3849,200398,5110,853392,763087,2821,1285,2215,55384,71860,30383,106058,23755,14319,44405,42126,64877,9933,45844,31845,100646,19922,53324,42085,90305,8305,4346,77654,23614,54040,85109.3,76123.6,179.8,NA,NA,49.1,NA,NA,NA,1435.6,2880.1,9681.5,7531.2,NA,NA,NA,NA,NA,NA,NA,NA,NA,NA,NA,2150.2,NA,NA,NA,NA,NA,NA,NA,NA,5379.2,5817.7,1186.9,NA,NA,NA,NA,NA,NA,NA,NA,3515.2,NA,NA,NA,NA,19430.3,7571.6,NA,NA,NA,NA,11858.7,NA,NA,11404.9,6913.5,NA,NA,NA,1427.8,3063.6,NA,NA,10041.5,2029.1,8012.3,NA,NA,NA,NA,3277.3,697.6,NA,NA,2579.7,NA,NA,1844.5,8985.7,1541.7,761.5,6682.5,228.9,11196.9,2622.6,13196.7,12790.5,63333.1,"Northeast",1,0,0,93045,1366275,NA
"New Jersey",2020,83.8237942245427,10,428543,0,0,0,0,0,0,0,0,0,0,466,135,36005,0,0,0,279201,0,0,51878,35229,331078,1893854,0,3090,3090,12782,15872,176,5319600,3922444,1397156,8818,1388338,15676,5303924,4714902,6426,2873,15433,256120,253689,225352,501151,332310,86963,369715,359623,459518,96128,332657,128865,637572,100358,276136,274013,589022,50672,25636,512714,139644,373070,619061.1,553590.5,970.8,NA,NA,267.7,NA,NA,NA,10066.2,24038,53287.6,17493.3,NA,NA,NA,NA,NA,NA,NA,NA,NA,NA,NA,35794.3,NA,NA,NA,NA,NA,NA,NA,NA,51928.7,37691.5,20825.9,NA,NA,NA,NA,NA,NA,NA,NA,29051.8,NA,NA,NA,NA,136296.4,41434.5,NA,NA,NA,NA,94861.9,NA,NA,104803.7,60362.8,NA,NA,NA,20982.1,23458.8,NA,NA,57633.9,7617.7,50016.2,NA,NA,NA,NA,15442,3927,NA,NA,11515,NA,NA,11286.3,65470.6,7584.2,2792.7,55093.7,1238.6,89620.2,30892,82339.4,78564.1,475026.4,"Northeast",0,0.1538462,0,89543,8882371,796070
"New Mexico",2020,45.2135590129815,19,48503359,0,0,0,0,191349,18.67,10249,5.691,0,0,835,1778,84743,2277937,1.169,1948168,0,2107958,370402,96447,18752,4673691,699738,0,11351,11351,353,11704,63378,1069680,833811,235869,21195,214674,28428,1041252,839465,5950,26135,4490,67308,32740,23703,106200,34367,12254,37322,41274,83380,6543,55379,14933,134834,21307,79280,52066,201787,30184,18007,153596,57469,96127,100310.1,75416,1247.5,NA,NA,6560.8,NA,NA,NA,1774.3,4161.3,4415.1,1953.8,NA,NA,NA,NA,NA,NA,NA,NA,NA,NA,NA,2461.2,NA,NA,NA,NA,NA,NA,NA,NA,3376.6,5963.4,2434.1,NA,NA,NA,NA,NA,NA,NA,NA,2374,NA,NA,NA,NA,17482.1,3515.2,NA,NA,NA,NA,13966.8,NA,NA,11506.3,7907.3,NA,NA,NA,632.8,2966.2,NA,NA,8224.7,580,7644.7,NA,NA,NA,NA,3709.3,569.8,NA,NA,3139.4,NA,NA,2186.5,24894.1,8016.4,4036.2,12841.5,7808.3,9340.1,4208.4,6789.1,16384.7,59031.4,"West",0,0,0,53283,2106319,87971
"Nevada",2020,36.2052310706298,4,53672,0,0,0,0,0,0,0,5.691,0,0,34893,16874,111902,12,1.038,12,0,1115,196,115274,57286,116402,710083,0,2559,2559,813,3372,2849,1770936,1317519,453417,2937,450480,5184,1765752,1588435,1935,18358,4525,115479,62281,42193,175398,123763,19251,97744,106898,106738,30905,126401,20163,154922,49675,244158,87648,177317,20983,19921,136413,36185,100228,172597.6,154335.3,293.2,NA,NA,3244.4,NA,NA,NA,2512.5,10171.9,8808.6,6532.4,NA,NA,NA,NA,NA,NA,NA,NA,NA,NA,NA,2276.3,NA,NA,NA,NA,NA,NA,NA,NA,7530.2,12659.5,7104.3,NA,NA,NA,NA,NA,NA,NA,NA,4818.8,NA,NA,NA,NA,39212.1,10922.7,NA,NA,NA,NA,28289.5,NA,NA,19068,8538.3,NA,NA,NA,4603.4,5926.3,NA,NA,11965.7,871.3,11094.3,NA,NA,NA,NA,23994.2,4000.6,NA,NA,19993.6,NA,NA,2951.9,18262.3,2790.7,1658.4,13813.2,3537.6,20189.7,9616.8,13627.4,22518.1,131817.2,"West",0,0.25,0,64020,3138259,448944
"New York",2020,143.376672865751,78,39346669,0,0,9962,1753,0,0,0,5.691,9962,1753,1185,259241,328916,10012,1.033,9692,401287,1565,275,426161,28821,839025,3354222,0,56956,56956,30327,87283,39669,11872381,8936714,2935667,30581,2905086,51330,11821051,10358132,14183,10299,39966,530471,433932,333576,971106,530624,309408,996593,738332,989122,161060,579231,453750,1753177,286083,595696,631523,1462919,120536,54981,1287402,244877,1042525,1699045,1516727,2510.2,NA,NA,628.4,NA,NA,NA,23820,48787.2,66643.8,33914.9,NA,NA,NA,NA,NA,NA,NA,NA,NA,NA,NA,32729,NA,NA,NA,NA,NA,NA,NA,NA,71117.9,71157.2,30045.8,NA,NA,NA,NA,NA,NA,NA,NA,155979.1,NA,NA,NA,NA,593416.7,350468.1,NA,NA,NA,NA,242948.5,NA,NA,216181.7,147772.5,NA,NA,NA,27460.9,40948.3,NA,NA,158767.6,35312,123455.6,NA,NA,NA,NA,47245.5,15901.2,NA,NA,31344.2,NA,NA,30426,182317.7,20719.2,5585.3,156013.2,3138.6,142275.1,53865.8,222623,118569.6,1398157,"Northeast",0,0.25,0,71865,19336776,336496
"Ohio",2020,185.631952982359,54,3038155,9219,1697,81513,14422,88255,24.607,3587,5.691,72295,12725,3435,3283,30594,2611802,1.098,2378902,190243,135554,23819,161090,3793,3186943,3404480,0,35686,35686,13297,48983,20083,6853595,5368638,1484957,70582,1414375,85018,6768577,5983870,15386,20174,19461,359364,682100,244757,654278,361289,80462,368669,292596,398812,148850,395810,136638,880766,123469,445147,355842,784707,81884,35583,667240,168288,498952,675037.3,600377.1,3412.4,NA,NA,6728.1,NA,NA,NA,11163.2,27195.9,106918.1,59394.2,NA,NA,NA,NA,NA,NA,NA,NA,NA,NA,NA,47523.9,NA,NA,NA,NA,NA,NA,NA,NA,41507.3,40764.7,19368.7,NA,NA,NA,NA,NA,NA,NA,NA,17938.3,NA,NA,NA,NA,148348.7,72035.5,NA,NA,NA,NA,76313.2,NA,NA,78782.3,36057,NA,NA,NA,22648.9,20076.3,NA,NA,65468.1,6012.1,59456,NA,NA,NA,NA,19042.2,5169,NA,NA,13873.2,NA,NA,13739.1,74660.2,12536.6,4444.2,57679.5,10140.4,82272,30532,124856.4,144254.4,456122.6,"North Central",1,0.75,0.5,63198,11693217,NA
"Oklahoma",2020,83.7294351468626,6,560909,4814,886,4814,886,16,20.36,1,5.691,0,0,24,25042,283986,3244434,1.164,2786366,0,977372,171740,323741,845,4545564,1579183,0,29058,29058,5884,34942,258075,2263126,1662294,600832,70610,530222,78763,2184363,1815949,11087,76471,9939,135237,140819,60877,222767,94537,24100,110673,92679,115507,25016,131560,29512,220425,33857,156118,124768,368414,51097,35465,281852,77577,204275,186581.4,153176.4,2363.1,NA,NA,11694.4,NA,NA,NA,3983.4,7240.8,17572.9,10197.4,NA,NA,NA,NA,NA,NA,NA,NA,NA,NA,NA,7375.5,NA,NA,NA,NA,NA,NA,NA,NA,9479.1,12143.5,11358.1,NA,NA,NA,NA,NA,NA,NA,NA,5759.3,NA,NA,NA,NA,28070.1,8441.1,NA,NA,NA,NA,19629,NA,NA,17873.7,8314.5,NA,NA,NA,3416.5,6142.6,NA,NA,15470.4,1067.7,14402.7,NA,NA,NA,NA,6067.1,1079.2,NA,NA,4987.9,NA,NA,4100.6,33405,6727.6,2903.1,23774.3,14057.5,21622.6,15341.4,23332.1,38871.2,114305.2,"South",1,0.8,1,54921,3980783,658
"Oregon",2020,37.4817295514972,55,25808865,1442,265,5929,1055,0,0,0,0,4487,790,2917,280040,373076,337,1.053,320,0,0,0,453528,13116,453865,982979,0,68864,68864,5659,74523,77003,2493784,1902097,591687,35023,556664,62499,2431285,2145096,32288,4552,5183,145910,200402,81511,249774,115456,41616,100321,122173,172247,51352,125742,48482,306908,55508,160907,124764,286189,29268,11269,245652,41558,204094,250458.5,218966.9,4440.3,NA,NA,197.5,NA,NA,NA,3136.2,12462.2,33442.8,27152.5,NA,NA,NA,NA,NA,NA,NA,NA,NA,NA,NA,6290.4,NA,NA,NA,NA,NA,NA,NA,NA,13408.3,13125.1,6394.9,NA,NA,NA,NA,NA,NA,NA,NA,9854.6,NA,NA,NA,NA,54744.4,11608.3,NA,NA,NA,NA,43136.1,NA,NA,31210.5,15155.9,NA,NA,NA,8949,7105.6,NA,NA,23258.6,2000.1,21258.4,NA,NA,NA,NA,8195.2,1420.8,NA,NA,6774.4,NA,NA,5096.3,31491.6,4646,673.8,26171.8,4637.8,26533.4,9531,43297.4,50542.8,168424.1,"West",0,0.2,0,80443,4241507,308613
"Pennsylvania",2020,193.239353150192,50,2136747,3709,683,16714,2972,908798,25.018,36326,5.691,13006,2289,2162,23445,65641,7563593,1.058,7148295,799036,31483,5532,189149,7151,9492059,3412995,0,73021,73021,33772,106794,32883,7413333,5832095,1581238,48532,1532706,65730,7347603,6591249,18035,35484,24712,383989,566615,224533,703611,403638,100757,435445,327320,521012,138340,367011,299792,1111585,138999,398673,391698,756354,101442,31973,622939,189056,433883,780176.1,703321.6,2872.5,NA,NA,10155.3,NA,NA,NA,12799.2,34903,89208.7,43027,NA,NA,NA,NA,NA,NA,NA,NA,NA,NA,NA,46181.7,NA,NA,NA,NA,NA,NA,NA,NA,43209.5,40512.6,27349.7,NA,NA,NA,NA,NA,NA,NA,NA,50325.3,NA,NA,NA,NA,153995.7,54415.4,NA,NA,NA,NA,99580.3,NA,NA,103988.8,59524.3,NA,NA,NA,23896.7,20567.8,NA,NA,96878,18991.8,77886.3,NA,NA,NA,NA,20915.7,5723.9,NA,NA,15191.8,NA,NA,16207.7,76854.4,15959.6,3291.7,57603.1,13027.7,83722,40148.9,139534,137139.5,566182.2,"Northeast",0,0.5263158,0.5,74094,12783254,186550
"Rhode Island",2020,9.82637385572027,14,635939,557,103,557,103,0,0,0,0,0,0,57,31,6346,0,0,0,0,0,0,11420,4375,11420,175780,0,1591,1591,2925,4516,1884,615726,475074,140652,933,139719,1396,614330,541032,NA,NA,1743,31879,39630,16692,53423,22280,6887,39373,31231,42683,13769,34938,32148,84490,13525,42551,31398,73298,11534,7287,54477,23516,30961,60224.7,51742.3,NA,NA,NA,NA,NA,NA,NA,953.2,2598.4,4889,3311.9,NA,NA,NA,NA,NA,NA,NA,NA,NA,NA,NA,1577.1,NA,NA,NA,NA,NA,NA,NA,NA,3315,3483.8,890.4,NA,NA,NA,NA,NA,NA,NA,NA,1403.5,NA,NA,NA,NA,14818.6,6587.3,NA,NA,NA,NA,8231.3,NA,NA,7686.7,3784.3,NA,NA,NA,1994.4,1908,NA,NA,7980.3,1964.1,6016.1,NA,NA,NA,NA,2401.2,383.8,NA,NA,2017.3,NA,NA,1194.2,8482.3,1865.1,1085.8,5531.5,128.2,6798.7,1843.6,6292.6,7615.6,44126.7,"Northeast",0,0,0,83918,1057125,NA
"South Carolina",2020,63.4994527857016,86,145497267,0,0,0,0,0,0,0,0,0,0,648,33888,52929,0,0,0,571711,0,0,160701,18393,732412,1533340,8821,103690,94870,4081,107772,0,2825222,2159636,665586,21096,644490,26763,2798459,2391096,12351,4302,11944,170283,254654,81053,301574,116061,31920,127570,142047,162488,29188,216856,43913,240540,52273,221794,170285,407363,36723,48322,322318,97452,224866,241688.7,204002.5,972.4,NA,NA,289.5,NA,NA,NA,5655.1,12961.2,38705.3,23584.5,NA,NA,NA,NA,NA,NA,NA,NA,NA,NA,NA,15120.8,NA,NA,NA,NA,NA,NA,NA,NA,14619.4,16537.8,5118,NA,NA,NA,NA,NA,NA,NA,NA,7571.7,NA,NA,NA,NA,43315.1,11572.4,NA,NA,NA,NA,31742.6,NA,NA,26227.9,13710,NA,NA,NA,3067.1,9450.7,NA,NA,17139,1790,15349.1,NA,NA,NA,NA,9451.9,1152.1,NA,NA,8299.8,NA,NA,5438.4,37686.2,4927.7,4583.3,28175.2,1261.9,31157.2,10773.1,46277,52928.4,151074.2,"South",1,0.7142857,1,63159,5218040,1996699
"South Dakota",2020,14.9425092444635,26,6976448,0,0,157168,27664,0,0,0,5.691,157168,27664,1868,51152,101696,439,1.078,407,0,5958,1047,261997,38,268394,396626,0,2945,2945,187,3132,48639,606699,450634,156065,25630,130435,33262,573437,488125,6031,2119,2058,37041,45536,22472,64327,18286,6448,41493,28775,24275,5951,19128,9768,73044,11741,39522,30110,85312,11592,8294,65426,18437,46989,54852.1,48817.5,3734.8,NA,NA,91.9,NA,NA,NA,966.6,2308.4,5085,3474.6,NA,NA,NA,NA,NA,NA,NA,NA,NA,NA,NA,1610.3,NA,NA,NA,NA,NA,NA,NA,NA,3580.1,3725.4,1048.3,NA,NA,NA,NA,NA,NA,NA,NA,1414,NA,NA,NA,NA,15067.3,10178,NA,NA,NA,NA,4889.3,NA,NA,3368.3,1749.5,NA,NA,NA,764.9,853.9,NA,NA,5564.6,345.9,5218.7,NA,NA,NA,NA,1767,282.1,NA,NA,1484.9,NA,NA,1096,6034.6,1097.6,583.9,4353.1,3826.7,7305.6,2014.9,6499,11220.1,37597.5,"North Central",1,1,1,73467,892717,NA
"Tennessee",2020,83.3031919098366,37,1536871,4560,839,27471,4872,2377,25.871,92,5.691,22911,4033,213,118018,122230,2866,1.035,2770,383098,939,165,202041,3656,591321,2039089,1732,48046,46314,4294,52340,344,4121399,3074175,1047224,63905,983319,74491,4046908,3596151,11429,7038,4310,244548,350824,129981,411311,252406,56310,204665,178170,240341,56103,304351,83472,432512,89064,292496,246820,450757,52372,21119,377266,94303,282963,364485.9,322801.5,1318.8,NA,NA,588.2,NA,NA,NA,2330.9,15819,52655.9,31428.2,NA,NA,NA,NA,NA,NA,NA,NA,NA,NA,NA,21227.7,NA,NA,NA,NA,NA,NA,NA,NA,24605.8,25436.8,15081.3,NA,NA,NA,NA,NA,NA,NA,NA,11125,NA,NA,NA,NA,66415.7,22626,NA,NA,NA,NA,43789.8,NA,NA,43668.2,21915.8,NA,NA,NA,7234.1,14518.3,NA,NA,39220,4031.8,35188.2,NA,NA,NA,NA,15576,4084.3,NA,NA,11491.7,NA,NA,8959.9,41684.3,10394.8,1368.2,29921.4,1907,50042.6,17412.2,63780.9,70381.9,252419.6,"South",1,0.7777778,1,57542,6886834,NA
"Texas",2020,623.962743412984,60,39546994,27279,5021,58807,10570,262510,13.337,19682,5.691,31528,5549,2478,9469,912590,11464912,1.228,9336110,432703,10109771,1776449,1059236,89658,23329131,13480760,7955,62425,54470,25413,87839,810985,17706662,12734126,4972536,223654,4748882,277839,17428823,15343374,65500,338234,57708,1266854,951426,649181,1634613,937074,252865,1183307,840088,1275314,213418,1175012,285610,1716173,272679,1211931,1016387,2085449,215169,175061,1695219,382419,1312800,1759734,1559453,7137.9,NA,NA,89481.1,NA,NA,NA,30390.5,96126.7,231101.3,117639,NA,NA,NA,NA,NA,NA,NA,NA,NA,NA,NA,113462.3,NA,NA,NA,NA,NA,NA,NA,NA,137833.8,100865,59363.9,NA,NA,NA,NA,NA,NA,NA,NA,64191.4,NA,NA,NA,NA,308491.7,119317.7,NA,NA,NA,NA,189174,NA,NA,222183.3,136051.7,NA,NA,NA,24822.7,61308.9,NA,NA,125064.6,13723.4,111341.2,NA,NA,NA,NA,52231.1,8486.9,NA,NA,43744.2,NA,NA,34990.9,200281.4,31762.5,16941,151577.9,96619,238698.8,89754.3,295292.7,423847,1135606,"South",1,0.6388889,1,71599,29360759,3153118
"Utah",2020,57.3780088293526,32,736194,0,0,0,0,296168,22.5,13163,5.691,0,0,4113,7165,45727,265927,1.099,241989,0,176142,30951,50836,27408,789072,829039,0,4011,4011,1097,5109,7041,2135409,1609961,525448,15668,509780,20925,2114484,1848195,4357,11800,4991,148450,146553,59689,214054,91972,44143,150810,127842,170995,33772,115536,72598,179386,43456,123570,104221,266289,39372,16949,209968,84941,125027,194985.8,170931.2,837.4,NA,NA,1902.9,NA,NA,NA,2526.8,13505.1,20205.4,13099.7,NA,NA,NA,NA,NA,NA,NA,NA,NA,NA,NA,7105.7,NA,NA,NA,NA,NA,NA,NA,NA,9698.9,13961.2,6125.3,NA,NA,NA,NA,NA,NA,NA,NA,10091,NA,NA,NA,NA,45984.8,18060.6,NA,NA,NA,NA,27924.2,NA,NA,21590.5,13473.8,NA,NA,NA,2490.7,5626,NA,NA,14024.3,3092.3,10932,NA,NA,NA,NA,5550.7,1117.9,NA,NA,4432.8,NA,NA,4926.8,24054.6,5620.8,1791.7,16642.1,2740.3,23660.1,8652.1,30296.4,36450.8,134480.4,"West",1,0.75,1,87915,3249879,551519
"Virginia",2020,98.1660473290193,32,2039514,310,57,495,90,251899,25.633,9827,5.691,184,32,1701,17811,33962,107908,1.049,102824,314722,28,5,147212,14450,821769,2273099,9398,94244,84845,18512,112755,0,5224997,4033051,1191946,37246,1154700,45466,5179531,4324822,13467,8517,11672,310670,248197,118522,487580,241143,80851,245628,245460,584709,86474,316220,105756,506819,98892,311383,302862,854709,206191,121155,527363,159151,368212,551760.3,450919.2,1342,NA,NA,1000.3,NA,NA,NA,8265,23577.4,44567,19126.5,NA,NA,NA,NA,NA,NA,NA,NA,NA,NA,NA,25440.5,NA,NA,NA,NA,NA,NA,NA,NA,23869.1,28431.6,13118,NA,NA,NA,NA,NA,NA,NA,NA,18884.7,NA,NA,NA,NA,112214,31154.3,NA,NA,NA,NA,81059.7,NA,NA,108249.7,73648.4,NA,NA,NA,14641.6,19959.6,NA,NA,39357.8,5402.8,33954.9,NA,NA,NA,NA,14802.2,2623.4,NA,NA,12178.8,NA,NA,13240.4,100841.1,35491.9,20614.1,44735.1,2342.3,52300.7,21383,63451.7,70486.6,380432.6,"South",0,0.3636364,0,86053,8590563,645364
"Vermont",2020,5.42012120264001,23,2405926,0,0,0,0,0,0,0,0,0,0,29,9911,16528,0,0,0,0,0,0,37481,3224,37481,125702,0,20237,20237,716,20953,3365,409390,300255,109135,6434,102701,9182,400208,345159,3415,1069,1528,27883,31722,9967,43039,9333,5425,15005,17027,28135,2378,18202,16891,57045,10625,26204,20266,55049,7375,3772,43902,15841,28061,32796.7,27901.7,351.6,NA,NA,110.3,NA,NA,NA,684.9,1124.3,2979.1,1866.9,NA,NA,NA,NA,NA,NA,NA,NA,NA,NA,NA,1112.3,NA,NA,NA,NA,NA,NA,NA,NA,1687.7,2558.3,486.4,NA,NA,NA,NA,NA,NA,NA,NA,888.4,NA,NA,NA,NA,6375.8,1935.4,NA,NA,NA,NA,4440.4,NA,NA,3636.3,2379.9,NA,NA,NA,335.3,921.2,NA,NA,4549.4,904.4,3645,NA,NA,NA,NA,1744.9,243,NA,NA,1501.9,NA,NA,724.3,4895,1123.6,197,3574.3,461.9,4246,1171.3,3867.5,4565.4,23336.3,"Northeast",1,0,0,70398,623347,16865
"Washington",2020,68.3722510018769,68,2509973,9606,1768,9606,1768,0,0,0,0,0,0,1136,670342,755489,0,0,0,98437,0,0,871240,2724,969677,1779399,0,98371,98371,7774,106145,81287,4436065,3494303,941762,31190,910572,87719,4348346,3705290,42345,6133,5875,273502,288996,141830,463139,204225,161319,183589,216262,339934,49325,212243,74718,491903,85795,250110,214047,643056,78615,67920,496521,156181,340340,618704.9,542659.2,8096.5,NA,NA,267.2,NA,NA,NA,5173.2,26667.1,60771.6,45370.2,NA,NA,NA,NA,NA,NA,NA,NA,NA,NA,NA,15401.4,NA,NA,NA,NA,NA,NA,NA,NA,29497.3,56470.6,14403.4,NA,NA,NA,NA,NA,NA,NA,NA,96769.6,NA,NA,NA,NA,112351.6,23792.7,NA,NA,NA,NA,88558.9,NA,NA,64850.9,41602.4,NA,NA,NA,6804.7,16443.8,NA,NA,39563.5,3123.4,36440,NA,NA,NA,NA,17254,2767.3,NA,NA,14486.7,NA,NA,10522.6,76045.7,13754,8414.1,53877.5,8363.8,85967.9,19576.6,157541.1,95802.5,446856.8,"West",0,0.3,0,85157,7693612,23954
"Wisconsin",2020,87.037383912266,101,9860324,4037,743,66475,11733,0,0,0,0,62437,10990,615,24457,42739,0,0,0,102032,0,0,200946,2197,302978,1708131,0,83180,83180,8551,91731,15470,3582636,2879755,702881,59075,643806,81697,3500939,3080329,NA,NA,8892,187931,474237,129547,358363,147600,52200,191544,138689,177014,68187,165352,66642,430040,63995,218332,180241,420610,30859,15910,373841,114402,259439,338678.4,302316.2,4516.6,NA,NA,996.3,NA,NA,NA,5565.6,14999.4,62326.5,35818.8,NA,NA,NA,NA,NA,NA,NA,NA,NA,NA,NA,26507.7,NA,NA,NA,NA,NA,NA,NA,NA,19998,19837.5,8789.1,NA,NA,NA,NA,NA,NA,NA,NA,12178.8,NA,NA,NA,NA,71454.9,29661.5,NA,NA,NA,NA,41793.5,NA,NA,32775.4,15474.3,NA,NA,NA,9273.9,8027.3,NA,NA,33057.8,3694.1,29363.6,NA,NA,NA,NA,8635.2,1938.2,NA,NA,6696.9,NA,NA,7185.1,36362.1,4442,871.8,31048.3,5512.9,39835.5,14354.8,74505.3,82838.9,219477.3,"North Central",0,0.6666667,0.5,70553,5832655,322516
"West Virginia",2020,76.9244779712639,44,1052654,0,0,0,0,1748361,25.948,67380,5.691,0,0,32,13967,30837,3121923,1.204,2592319,0,108465,19059,41440,188,5020189,803921,0,10354,10354,250,10604,16649,841019,677914,163105,21006,142099,22552,818467,669012,2867,23029,5201,42979,46942,20976,93865,28273,8966,26508,26925,38469,8535,42103,11414,126530,12989,59293,43148,149455,25490,8214,115751,50410,65341,73709.2,60812.8,344,NA,NA,4784.8,NA,NA,NA,2269.5,3545.1,7778.7,3597.2,NA,NA,NA,NA,NA,NA,NA,NA,NA,NA,NA,4181.5,NA,NA,NA,NA,NA,NA,NA,NA,3604,5357.6,1864.6,NA,NA,NA,NA,NA,NA,NA,NA,1442.1,NA,NA,NA,NA,10875.9,2746.9,NA,NA,NA,NA,8129,NA,NA,6231.6,3415.9,NA,NA,NA,816.6,1999.1,NA,NA,8771.6,453.8,8317.8,NA,NA,NA,NA,2433.3,379.4,NA,NA,2053.9,NA,NA,1510,12896.3,3759.9,413,8723.4,5128.8,8961.6,4134.1,9220.8,16452.6,44360.2,"South",1,1,0.5,54396,1784787,NA
"Wyoming",2020,55.6211834812767,11,229763,0,0,0,0,3822600,17.49,218556,5.691,0,0,663,9527,60120,1489916,1.141,1306368,0,507017,89091,64877,1566,5884410,504390,0,4757,4757,0,4757,48362,401871,280328,121543,10662,110881,14497,387374,313415,NA,20637,NA,29830,12102,8875,37959,15553,4250,25046,27005,18738,2042,13781,3922,30508,7678,31992,17495,73959,7806,6383,59770,15078,44692,36241.5,29637.3,585.9,NA,NA,4099.5,NA,NA,NA,1066.6,2274.1,2112.5,558.5,NA,NA,NA,NA,NA,NA,NA,NA,NA,NA,NA,1554,NA,NA,NA,NA,NA,NA,NA,NA,1437.7,2242.4,3465.3,NA,NA,NA,NA,NA,NA,NA,NA,627.8,NA,NA,NA,NA,5743.1,1076.5,NA,NA,NA,NA,4666.7,NA,NA,2003.1,1335.6,NA,NA,NA,104.9,562.6,NA,NA,1894.8,128.7,1766.2,NA,NA,NA,NA,1484.4,273.5,NA,NA,1210.9,NA,NA,600.2,6604.2,1002.6,471.1,5130.4,4685.4,3680.1,4531.8,2740.2,9071.9,20565.4,"West",1,1,1,68506,582328,NA
